Sequence,  Marketplace,  Reseller Name,  Reseller Contact Name,  Reseller Email Address,  Reseller Phone Number,  Order Id,  Subscription Id,  Activity Type,  Service Type,  Order Creation Date,  Purchase Date,  Activation Date, Subscription Type, Term Start Date, Term End Date, Term Duration, Next Renewal Date,  Service Cancellation Date,  Bill From,  Bill To,  Company Name,  Customer Acronym,  Account Creation Date,  First Name,  Last Name,  Customer Email Address,  Customer Phone Number, Billing Street, Billing Number, Billing Complement, Billing Neighbourhood, Billing City, Billing  State/Province, Billing  ZIP code, Billing Country, Billing  Country Code, Billing Phone Number, Mailing Street, Mailing Number, Mailing Complement, Mailing Neighbourhood, Mailing City, Mailing  State/Province, Mailing  ZIP code, Mailing Country, Mailing  Country Code, Mailing Phone Number, Service Name, Offer Name,  Offer Code,  Sales Reference Code,  Unit Of Measure,  Qty,  Pro-rate Scale,  Retail Unit Price,  Pro-rated Retail Price Unit Price,  Gross Retail Price,  Retail Price Discount (%),  Pro-Rated Retail Unit Discounted Price (Amount),  Total Retail Price Discount (Amount),  Total Retail Price,  Tax on Total Retail Price,  Grand Total: Retail Price,  Promotion Code,  Promotion duration,  Wholesale Unit Price,  Pro-rated Wholesale Unit Price,  Customer Transaction Currency,  Vendor Currency,  Gross Wholesale Price,  Wholesale Price Discount (%),  Pro-Rated Wholesale Unit Discounted Price (Amount),  Total Wholesale Price Discount (Amount),  Total Wholesale Price,  Tax on Total Wholesale Price,  Grand Total: Wholesale Price,  Vendor Name,  Vendor Unit Price,  Pro-rated Vendor Unit Price,  Total Vendor Price,  Tax on Total Vendor Price,  Grand Total: Vendor Price,  Billing Cycle,  Prorate Type,  Prorate On Cancellation,  Usage Attributes,  Payment Method,  Payment Status,  Refund Type,  Refund Amount,  Invoice Number,  Resource Id,  Charge Type,  Invoice Status, Customer CPF, Customer CNPJ, Customer State Registration, Invoice Creation Date, Service Code, Due Date, Store Code, Marketplace City, Marketplace State, User Account Status, Premeditated defaulter, Individual Invoice, Municipal Taxpayer Registration, Company Code, Affiliate Code, City Service Code, Special Procedure Number, Description City Service (fee), Total Invoice Price, Total Due Amount, Customer Code, Segment, Cycle Code, Cycle Reference, Tax Code, Tax Rate-ISS, Total Tax-ISS, Tax Code, Tax Rate-COFINS, Total Tax-COFINS, Tax Code, Tax Rate-PIS, Total Tax-PIS, Financial Status, Comments Credited, Receivable,User CPF has made the credit,Proposal Number,Adabas Code,Opportunity Id,Quote Id,Original Retail Price,Original Wholesale Price,Original Vendor Price,Exchange Rate,invoice-tax-calculation-base,Store Acronym,Total Retail Price with taxes without discount,CNPJ Store,Contractual Fine Percentage,Installment Value,Number of Months,Number of Days
edcc6f82-c5d6-11ec-99e7-fa168ec61f7f,Telefônica Brasil S.A.,Telefônica Brasil S.A,Administrador Reseller Vivo,vivoreseller@stg.vivoplataformadigital.com.br,0800151-5511,4015799,18cc0ab6-f8a3-474e-a7a5-3fff7c89f879,Recurring,SAAS,26/04/2022,26/04/2022,26/04/2022,SUBSCRIPTION,,,,,,27/04/2022,26/05/2022,roxo roxo,roxoroxo,26/04/2022,Roxo roxo,roxo,roxoroxo@getnada.com,119867-7665,Rua itatiba,24,,jardim petroni,São Bernardo do Campo,São Paulo,17560-246,Brazil,BR,119867-7665,Rua itatiba,24,,jardim petroni,São Bernardo do Campo,São Paulo,17560-246,Brazil,BR,119867-7665,Google Workspace,Google Workspace Enterprise Standard - Annual Plan,gwEnterpriseStandardAnnual,,Unit,1,1,20.00,20.00,20,,20.00,,20,0,20,,,14.00,14.00,BRL,USD,14.00,,14.00,,14.00,0.00,14.00,Google Workspace,10.00,10.00,10.00,0.00,10.00,Month,Yes,Used Period,Recurring,Boleto,Overdue,,,TlA-1-00044074,,,Active,225.234.486-53,30.622.118/0001-12,roxo,27/05/2022,googleworkspace,27/05/2022,4011790,Santana de Parnaíba,São Paulo,Active,Yes,Yes,77434,TBRA,9141,1.03,002 2018,Processamento armaz ou hosped de dados textos imagens videos paginas eletronicas apps e sist de info entre outros formatos e congeneres,109.04,109.69,4019776,Massivo,05-2022,04/2022,ISS,2.00,0,COFINS,7.60,0,PIS,1.65,0,Defaulter,,SPSAASTBRA,,,,,,20,14,10,1,109.04,telerese,20,02.558.157/0135-74,,,,
edcc80d0-c5d6-11ec-a6b3-fa168ec61f7f,Telefônica Brasil S.A.,Telefônica Cloud e Tecnologia do Brasil S.A,Administrator Vivo Platforma Digital,admin@resellertelefonica.com,012345-6789,4015800,18861ae8-1c7f-4d97-b3ae-1f995ffa83c1,Recurring,SAAS,26/04/2022,26/04/2022,26/04/2022,SUBSCRIPTION,,,,,,27/04/2022,26/05/2022,verde,verde,26/04/2022,Verde,verde,verdeverde@getnada.com,1198677-0665,rua itatiba,24,,Jardim petroni,São Bernardo do campo,São Paulo,17560-246,Brazil,BR,1198677-0665,rua itatiba,24,,Jardim petroni,São Bernardo do campo,São Paulo,17560-246,Brazil,BR,1198677-0665,Google Workspace,Google Workspace Enterprise Standard - Annual Plan,gwEnterpriseStandardAnnual,,Unit,1,1,20.00,20.00,20,,20.00,,20,2.25,20,,,14.00,14.00,BRL,USD,14.00,,14.00,,14.00,0.00,14.00,Google Workspace,10.00,10.00,10.00,0.00,10.00,Month,Yes,Used Period,Recurring,Boleto,Overdue,,,TlA-1-00043990,,,Active,857.679.636-81,58.101.862/0001-90,verde,27/05/2022,googleworkspace,27/05/2022,4015381,Santana de Parnaíba,São Paulo,Active,Yes,No,cloudcoGW,GWcloud,cloudins,Telefonica,telefonic cloudco,telefonica cloudco,297.12,297.49,4019778,Massivo,05-2022,04/2022,ISS,2.00,0.4,COFINS,7.60,1.52,PIS,1.65,0.33,Defaulter,,SPSAASCLOUDCO,,,,,,20,14,10,1,297.12,cloudco,20,35.473.014/0001-07,,,,
a1cc7db2-dca0-11ec-a0c6-fa168ec61f7f,Telefônica Brasil S.A.,Telefônica Brasil S.A,Administrador Reseller Vivo,vivoreseller@stg.vivoplataformadigital.com.br,0800151-5511,4015802,4c889d24-988c-4f19-a68f-adc6f714ad53,Usage,IAAS,26/04/2022,26/04/2022,26/04/2022,USAGE,,,,,,26/04/2022,25/05/2022,roxo roxo,roxoroxo,26/04/2022,Roxo roxo,roxo,roxoroxo@getnada.com,119867-7665,Rua itatiba,24,,jardim petroni,São Bernardo do Campo,São Paulo,17560-246,Brazil,BR,119867-7665,Rua itatiba,24,,jardim petroni,São Bernardo do Campo,São Paulo,17560-246,Brazil,BR,119867-7665,Google Cloud Reseller Subscription Service,Google Cloud Reseller Subscription Offer,googlecloudresellersubscriptionoffer,,usage,121892464645636000,,,,46.482991,,,,46.482991,5.8922101269,52.3752011269,,,0.00,,BRL,BRL,46.48,,,,46.48,0.00,46.48,Google Cloud Reseller,0.00,,46.48,0.00,46.48,Month,,,Usage,Boleto,Overdue,,,TlA-1-00044074,,Usage,Active,225.234.486-53,30.622.118/0001-12,roxo,27/05/2022,googlecloudresellersubscriptionservice,27/05/2022,4011790,Santana de Parnaíba,São Paulo,Active,Yes,Yes,77434,TBRA,9141,1.03,002 2018,Processamento armaz ou hosped de dados textos imagens videos paginas eletronicas apps e sist de info entre outros formatos e congeneres,109.04,109.69,4019776,Massivo,05-2022,04/2022,ISS,2.00,1.0475040226,COFINS,7.60,3.9805152857,PIS,1.65,0.8641908186,Defaulter,,SPIAASTBRA,,,,,,,,,1,109.04,telerese,52.3752011269,02.558.157/0135-74,,,,
a1f738e0-dca0-11ec-8fca-fa168ec61f7f,Telefônica Brasil S.A.,Telefônica Brasil S.A,Administrador Reseller Vivo,vivoreseller@stg.vivoplataformadigital.com.br,0800151-5511,4015802,4c889d24-988c-4f19-a68f-adc6f714ad53,Usage,IAAS,26/04/2022,26/04/2022,26/04/2022,USAGE,,,,,,26/04/2022,25/05/2022,roxo roxo,roxoroxo,26/04/2022,Roxo roxo,roxo,roxoroxo@getnada.com,119867-7665,Rua itatiba,24,,jardim petroni,São Bernardo do Campo,São Paulo,17560-246,Brazil,BR,119867-7665,Rua itatiba,24,,jardim petroni,São Bernardo do Campo,São Paulo,17560-246,Brazil,BR,119867-7665,Google Cloud Reseller Subscription Service,Google Cloud Reseller Subscription Offer,googlecloudresellersubscriptionoffer,,usage,93854580982415400,,,,32.5371,,,,32.5371,4.1244211269,36.6615211269,,,0.00,,BRL,BRL,32.54,,,,32.54,0.00,32.54,Google Cloud Reseller,0.00,,32.54,0.00,32.54,Month,,,Usage,Boleto,Overdue,,,TlA-1-00044074,,Usage,Active,225.234.486-53,30.622.118/0001-12,roxo,27/05/2022,googlecloudresellersubscriptionservice,27/05/2022,4011790,Santana de Parnaíba,São Paulo,Active,Yes,Yes,77434,TBRA,9141,1.03,002 2018,Processamento armaz ou hosped de dados textos imagens videos paginas eletronicas apps e sist de info entre outros formatos e congeneres,109.04,109.69,4019776,Massivo,05-2022,04/2022,ISS,2.00,0.7332304226,COFINS,7.60,2.7862756057,PIS,1.65,0.6049150986,Defaulter,,SPIAASTBRA,,,,,,,,,1,109.04,telerese,36.6615211269,02.558.157/0135-74,,,,
d622fb4c-c67d-11ec-bc84-fa168ec61f7f,Telefônica Brasil S.A.,Telefônica Brasil S.A,Administrador Reseller Vivo,vivoreseller@stg.vivoplataformadigital.com.br,0800151-5511,4015873,653745b6-2758-4a7b-a8e4-a542340c0a9b,New,SAAS,27/04/2022,27/04/2022,27/04/2022,SUBSCRIPTION,,,,,,27/04/2022,26/05/2022,MIGRAÇÃO MICROSOFT SUCESSO01,46400774000100TBRA,27/04/2022,MIGRAÇÃO MICROSOFT,SUCESSO01,maisquetrintaecincomaisque@getnada.com,0115555-5555,PAULISTA,900,,BELA VISTA,SAO PAULO,São Paulo,17560-246,Brazil,BR,0115555-5555,PAULISTA,900,,BELA VISTA,SAO PAULO,São Paulo,17560-246,Brazil,BR,0115555-5555,Microsoft 365 E5,Microsoft 365 E5,Microsoft365E5_offer,,license,1,1,455.04,455.04,455.04,,455.04,,455.04,0,455.04,,,,0.00,BRL,BRL,0.00,,0.00,,0.00,0.00,0.00,Microsoft,,0.00,0.00,0.00,0.00,Month,Yes,Used Period,New,Boleto,Overdue,,,TlA-1-00043906,,,Active,351.084.761-08,46.400.774/0001-00,ISENTO,27/05/2022,Microsoft365E5,27/05/2022,4011790,Santana de Parnaíba,São Paulo,Active,Yes,Yes,77434,TBRA,9141,1.03,002 2018,Processamento armaz ou hosped de dados textos imagens videos paginas eletronicas apps e sist de info entre outros formatos e congeneres,455.04,455.04,4019819,Massivo,05-2022,04/2022,ISS,2.00,0,COFINS,7.60,0,PIS,1.65,0,Defaulter,,SPSAASTBRA,,,,,,455.04,,,1,455.04,telerese,455.04,02.558.157/0135-74,,,,
d62a43d4-c67d-11ec-b3b7-fa168ec61f7f,Telefônica Brasil S.A.,Telefônica Brasil S.A,Administrador Reseller Vivo,vivoreseller@stg.vivoplataformadigital.com.br,0800151-5511,4015874,2cb7a25a-f525-4d16-bc54-4011474a3194,New,SAAS,27/04/2022,27/04/2022,27/04/2022,SUBSCRIPTION,,,,,,27/04/2022,26/05/2022,MIGRAÇÃO MICROSOFT SUCESSO01,85301738000141TBRA,27/04/2022,MIGRAÇÃO MICROSOFT,SUCESSO01,maisquesessentamaisquesessentamaisquesessentamaisquesessenta@getnada.com,0115555-5555,PAULISTA,900,,BELA VISTA,SAO PAULO,São Paulo,17560-246,Brazil,BR,0115555-5555,PAULISTA,900,,BELA VISTA,SAO PAULO,São Paulo,17560-246,Brazil,BR,0115555-5555,Microsoft 365 E5,Microsoft 365 E5,Microsoft365E5_offer,,license,1,1,455.04,455.04,455.04,,455.04,,455.04,0,455.04,,,,0.00,BRL,BRL,0.00,,0.00,,0.00,0.00,0.00,Microsoft,,0.00,0.00,0.00,0.00,Month,Yes,Used Period,New,Boleto,Overdue,,,TlA-1-00043905,,,Active,205.876.451-05,85.301.738/0001-41,ISENTO,27/05/2022,Microsoft365E5,27/05/2022,4011790,Santana de Parnaíba,São Paulo,Active,Yes,Yes,77434,TBRA,9141,1.03,002 2018,Processamento armaz ou hosped de dados textos imagens videos paginas eletronicas apps e sist de info entre outros formatos e congeneres,455.04,455.04,4019821,Massivo,05-2022,04/2022,ISS,2.00,0,COFINS,7.60,0,PIS,1.65,0,Defaulter,,SPSAASTBRA,,,,,,455.04,,,1,455.04,telerese,455.04,02.558.157/0135-74,,,,
024093d2-cc88-11ec-8b65-fa168ec61f7f,Telefônica Brasil S.A.,Telefônica Brasil S.A,Administrador Reseller Vivo,vivoreseller@stg.vivoplataformadigital.com.br,0800151-5511,4015876,d11c99c2-9948-4e0a-a4c0-b35d859d899e,New,SAAS,29/04/2022,29/04/2022,05/05/2022,SUBSCRIPTION,,,,,,05/05/2022,26/05/2022,Credit Async TBRA,71137217000196TBRATELERESE,29/04/2022,Credit Async,TBRA,creditasync3@getnada.com,115555-5555,PAULISTA1,900,,BELA VISTA,SAO PAULO,São Paulo,17560-246,Brazil,BR,115555-5555,PAULISTA,900,,BELA VISTA,SAO PAULO,São Paulo,17560-246,Brazil,BR,115555-5555,Serasa Premium,Serasa Premium,serasapremium_offer,,licença,1,0.73333333333333328152292551749269478023052215576171875,20.00,14.67,14.6666666667,,14.67,,14.67,1.650375,14.67,,,1.00,0.73,BRL,EUR,0.73,,0.73,,0.73,0.00,0.73,telesourcetesttest,1.00,0.73,0.73,0.00,0.73,Month,Yes,Used Period,New,Boleto,Overdue,,,TlA-1-00043978,,,Active,930.361.192-64,71.137.217/0001-96,ISENTO,27/05/2022,serasapremium,27/05/2022,4011790,Santana de Parnaíba,São Paulo,Active,Yes,Yes,77434,TBRA,9141,1.03,002 2018,Processamento armaz ou hosped de dados textos imagens videos paginas eletronicas apps e sist de info entre outros formatos e congeneres,14.67,14.67,4019831,Massivo,05-2022,05/2022,ISS,2.00,0.2934,COFINS,7.60,1.11492,PIS,1.65,0.242055,Defaulter,,SPSAASTBRA,,100642,80767979,00656001010T0ORAZZ,0051R001079HLHxHQZZ,20,1,1,1,14.67,telerese,14.67,02.558.157/0135-74,,,,
2a16809c-cc88-11ec-8b65-fa168ec61f7f,Telefônica Brasil S.A.,Telefônica Brasil S.A,Administrador Reseller Vivo,vivoreseller@stg.vivoplataformadigital.com.br,0800151-5511,4015883,a4beb7b5-c0f9-4fad-86b4-df46c50313c3,New,SAAS,29/04/2022,29/04/2022,05/05/2022,SUBSCRIPTION,,,,,,05/05/2022,26/05/2022,Credit Async TBRA,72960477000120TBRATELERESE,29/04/2022,Credit Async,TBRA,creditasync7@getnada.com,115555-5555,PAULISTA1,900,,BELA VISTA,SAO PAULO,São Paulo,17560-246,Brazil,BR,115555-5555,PAULISTA,900,,BELA VISTA,SAO PAULO,São Paulo,17560-246,Brazil,BR,115555-5555,Serasa Premium,Serasa Premium,serasapremium_offer,,licença,1,0.73333333333333328152292551749269478023052215576171875,20.00,14.67,14.6666666667,,14.67,,14.67,1.650375,14.67,,,1.00,0.73,BRL,EUR,0.73,,0.73,,0.73,0.00,0.73,telesourcetesttest,1.00,0.73,0.73,0.00,0.73,Month,Yes,Used Period,New,Boleto,Overdue,,,TlA-1-00043929,,,Active,926.516.252-05,72.960.477/0001-20,ISENTO,27/05/2022,serasapremium,27/05/2022,4011790,Santana de Parnaíba,São Paulo,Active,Yes,Yes,77434,TBRA,9141,1.03,002 2018,Processamento armaz ou hosped de dados textos imagens videos paginas eletronicas apps e sist de info entre outros formatos e congeneres,14.67,14.67,4019844,Massivo,05-2022,05/2022,ISS,2.00,0.2934,COFINS,7.60,1.11492,PIS,1.65,0.242055,Defaulter,,SPSAASTBRA,,100649,80767979,00656001010T0OrAZZ,0051R001079HLHrHQZZ,20,1,1,1,14.67,telerese,14.67,02.558.157/0135-74,,,,
2d13f294-ca2f-11ec-adc8-fa168ec61f7f,Telefônica Brasil S.A.,Telefônica Cloud e Tecnologia do Brasil S.A,Administrator Vivo Platforma Digital,admin@resellertelefonica.com,012345-6789,4015889,fa5cc630-832a-40ad-b214-0da8e205ddd3,New,SAAS,02/05/2022,02/05/2022,02/05/2022,SUBSCRIPTION,,,,,,02/05/2022,26/05/2022,verde,verde,26/04/2022,Verde,verde,verdeverde@getnada.com,1198677-0665,rua itatiba,24,,Jardim petroni,São Bernardo do campo,São Paulo,17560-246,Brazil,BR,1198677-0665,rua itatiba,24,,Jardim petroni,São Bernardo do campo,São Paulo,17560-246,Brazil,BR,1198677-0665,Office 365 Enterprise E3,Office 365 Enterprise E3,Office365EnterpriseE3_offer,,License,2,0.83333333333333337034076748750521801412105560302734375,166.27,138.56,277.1166666667,,138.56,,277.12,31.176,277.12,,,72.77,60.64,BRL,BRL,121.28,,60.64,,121.28,0.00,121.28,Microsoft,72.77,60.64,121.28,0.00,121.28,Month,Yes,Used Period,New,Boleto,Overdue,,,TlA-1-00043990,,,Active,857.679.636-81,58.101.862/0001-90,verde,27/05/2022,Office365EnterpriseE3,27/05/2022,4015381,Santana de Parnaíba,São Paulo,Active,Yes,No,cloudcoGW,GWcloud,cloudins,Telefonica,telefonic cloudco,telefonica cloudco,297.12,297.49,4019778,Massivo,05-2022,05/2022,ISS,2.00,5.5424,COFINS,7.60,21.06112,PIS,1.65,4.57248,Defaulter,,SPSAASCLOUDCO,,,,,,166.27,72.77,72.77,1,297.12,cloudco,277.12,35.473.014/0001-07,,,,
a4414b58-cd60-11ec-88f2-fa168ec61f7f,Telefônica Brasil S.A.,Telefônica Cloud e Tecnologia do Brasil S.A,Administrator Vivo Platforma Digital,admin@resellertelefonica.com,012345-6789,4015903,5e3feb5d-f309-47b9-bd17-a4c395d44a18,New,SAAS,06/05/2022,06/05/2022,06/05/2022,SUBSCRIPTION,,,,,,06/05/2022,26/05/2022,WRTESTE,WRTESTE,06/05/2022,CN032HIST370,TESTE,cn0032@getnada.com,114141-4040,Rua Laguna,1092,,Jardim Caravelas,São Paulo,São Paulo,17560-246,Brazil,BR,114141-4040,Rua Laguna,1092,,Jardim Caravelas,São Paulo,São Paulo,17560-246,Brazil,BR,114141-4040,Google Workspace,Google Workspace Frontline - Annual Plan,gwFrontLineAnnual,,unit,1,0.6999999999999999555910790149937383830547332763671875,20.00,14.00,14,,14.00,,14,1.575,14,,,14.00,9.80,BRL,USD,9.80,,9.80,,9.80,0.00,9.80,Google Workspace,10.00,7.00,7.00,0.00,7.00,Month,Yes,Used Period,New,Boleto,Overdue,,,TlA-1-00044034,,,Active,351.096.300-89,81.460.287/0001-34,ISENTO,27/05/2022,googleworkspace,27/05/2022,4015381,Santana de Parnaíba,São Paulo,Active,Yes,No,cloudcoGW,GWcloud,cloudins,Telefonica,telefonic cloudco,telefonica cloudco,14.00,14.00,4019913,Massivo,05-2022,05/2022,ISS,2.00,0.28,COFINS,7.60,1.064,PIS,1.65,0.231,Defaulter,,SPSAASCLOUDCO,,,,,,20,14,10,1,14,cloudco,14,35.473.014/0001-07,,,,
c0efb5a4-d216-11ec-9884-fa168ec61f7f,Telefônica Brasil S.A.,Telefônica Cloud e Tecnologia do Brasil S.A,Administrator Vivo Platforma Digital,admin@resellertelefonica.com,012345-6789,4015996,ce2294af-683c-4cd2-a5e2-e6d89c246ddf,New,SAAS,12/05/2022,12/05/2022,12/05/2022,SUBSCRIPTION,,,,,,12/05/2022,,CMAY12B,CMAY12B,12/05/2022,FNMAY12B,LNMAY12B,testmay12B@gmail.com,6546546-5465,yttryt,65456465,,jhjhjhjjhj,terte,Federal District,17560-246,Brazil,BR,6546546-5465,yttryt,65456465,,jhjhjhjjhj,terte,Federal District,17560-246,Brazil,BR,6546546-5465,Domínio  Registro  (.com),Domínio Registro (.com),Dominio_Registro_com_offer,,licença,1,1,39.90,39.90,39.9,,39.90,,39.9,4.48875,39.9,,,1.00,1.00,BRL,EUR,1.00,,1.00,,1.00,0.00,1.00,telesourcetesttest,1.00,1.00,1.00,0.00,1.00,One-Time Charge,Yes,Used Period,New,Boleto,Overdue,,,TlA-1-00043903,,,Active,342.361.660-11,28.473.454/0001-07,,27/05/2022,dominioregistrocom,27/05/2022,4015381,Santana de Parnaíba,São Paulo,Active,Yes,No,cloudcoGW,GWcloud,cloudins,Telefonica,telefonic cloudco,telefonica cloudco,79.8,79.8,4020009,Massivo,05-2022,05/2022,ISS,2.00,0.798,COFINS,7.60,3.0324,PIS,1.65,0.65835,Defaulter,,SPSAASCLOUDCO,,,,,,39.9,1,1,1,79.8,cloudco,39.9,35.473.014/0001-07,,,,
4665febe-d217-11ec-9884-fa168ec61f7f,Telefônica Brasil S.A.,Telefônica Cloud e Tecnologia do Brasil S.A,Administrator Vivo Platforma Digital,admin@resellertelefonica.com,012345-6789,4015997,49b8906f-6243-4d7e-b679-17f3c33372e9,Additional,SAAS,12/05/2022,12/05/2022,12/05/2022,SUBSCRIPTION,,,,,,12/05/2022,,CMAY12B,CMAY12B,12/05/2022,FNMAY12B,LNMAY12B,testmay12B@gmail.com,6546546-5465,yttryt,65456465,,jhjhjhjjhj,terte,Federal District,17560-246,Brazil,BR,6546546-5465,yttryt,65456465,,jhjhjhjjhj,terte,Federal District,17560-246,Brazil,BR,6546546-5465,Domínio  Registro  (.com),Domínio Registro (.com),Dominio_Registro_com_offer,,licença,1,1,39.90,39.90,39.9,,39.90,,39.9,4.48875,39.9,,,1.00,1.00,BRL,EUR,1.00,,1.00,,1.00,0.00,1.00,telesourcetesttest,1.00,1.00,1.00,0.00,1.00,One-Time Charge,Yes,Used Period,Additional,Boleto,Overdue,,,TlA-1-00043903,,,Active,342.361.660-11,28.473.454/0001-07,,27/05/2022,dominioregistrocom,27/05/2022,4015381,Santana de Parnaíba,São Paulo,Active,Yes,No,cloudcoGW,GWcloud,cloudins,Telefonica,telefonic cloudco,telefonica cloudco,79.8,79.8,4020009,Massivo,05-2022,05/2022,ISS,2.00,0.798,COFINS,7.60,3.0324,PIS,1.65,0.65835,Defaulter,,SPSAASCLOUDCO,,,,,,39.9,1,1,1,79.8,cloudco,39.9,35.473.014/0001-07,,,,
a2c23f6e-d22c-11ec-8e2d-fa168ec61f7f,Telefônica Brasil S.A.,Telefônica Cloud e Tecnologia do Brasil S.A,Administrator Vivo Platforma Digital,admin@resellertelefonica.com,012345-6789,4015998,65368305-7398-4222-935e-00c6ecd97976,New,SAAS,12/05/2022,12/05/2022,12/05/2022,SUBSCRIPTION,,,,,,12/05/2022,,TESTE DOMINIOS REG,TESTEDOMINIOSREG,09/05/2022,TESTE DOMINIOS,REG,testedominiosreg@getnada.com,8521521-5625,orlando de abreu,545,,Chácara Klabin,São Paulo,São Paulo,17560-246,Brazil,BR,8521521-5625,orlando de abreu,545,,Chácara Klabin,São Paulo,São Paulo,17560-246,Brazil,BR,8521521-5625,Domínio  Registro  (.info),Domínio Registro (.info),Dominio_Registro_info_offer,,licença,1,1,39.90,39.90,39.9,,39.90,,39.9,4.48875,39.9,,,1.00,1.00,BRL,EUR,1.00,,1.00,,1.00,0.00,1.00,telesourcetesttest,1.00,1.00,1.00,0.00,1.00,One-Time Charge,Yes,Used Period,New,Boleto,Overdue,,,TlA-1-00044019,,,Active,653.881.264-39,49.862.468/0001-84,,27/05/2022,dominioregistroinfo,27/05/2022,4015381,Santana de Parnaíba,São Paulo,Active,Yes,No,cloudcoGW,GWcloud,cloudins,Telefonica,telefonic cloudco,telefonica cloudco,159.6,159.6,4019931,Massivo,05-2022,05/2022,ISS,2.00,0.798,COFINS,7.60,3.0324,PIS,1.65,0.65835,Defaulter,,SPSAASCLOUDCO,,,,,,39.9,1,1,1,159.6,cloudco,39.9,35.473.014/0001-07,,,,
01278fac-d22b-11ec-8e2d-fa168ec61f7f,Telefônica Brasil S.A.,Telefônica Cloud e Tecnologia do Brasil S.A,Administrator Vivo Platforma Digital,admin@resellertelefonica.com,012345-6789,4015999,c2115935-32a8-4b00-800f-5cab1ed19d46,New,SAAS,12/05/2022,12/05/2022,12/05/2022,SUBSCRIPTION,,,,,,12/05/2022,,TESTE DOMINIOS REG,TESTEDOMINIOSREG,09/05/2022,TESTE DOMINIOS,REG,testedominiosreg@getnada.com,8521521-5625,orlando de abreu,545,,Chácara Klabin,São Paulo,São Paulo,17560-246,Brazil,BR,8521521-5625,orlando de abreu,545,,Chácara Klabin,São Paulo,São Paulo,17560-246,Brazil,BR,8521521-5625,Domínio  Registro  (.com),Domínio Registro (.com),Dominio_Registro_com_offer,,licença,1,1,39.90,39.90,39.9,,39.90,,39.9,4.48875,39.9,,,1.00,1.00,BRL,EUR,1.00,,1.00,,1.00,0.00,1.00,telesourcetesttest,1.00,1.00,1.00,0.00,1.00,One-Time Charge,Yes,Used Period,New,Boleto,Overdue,,,TlA-1-00044019,,,Active,653.881.264-39,49.862.468/0001-84,,27/05/2022,dominioregistrocom,27/05/2022,4015381,Santana de Parnaíba,São Paulo,Active,Yes,No,cloudcoGW,GWcloud,cloudins,Telefonica,telefonic cloudco,telefonica cloudco,159.6,159.6,4019931,Massivo,05-2022,05/2022,ISS,2.00,0.798,COFINS,7.60,3.0324,PIS,1.65,0.65835,Defaulter,,SPSAASCLOUDCO,,,,,,39.9,1,1,1,159.6,cloudco,39.9,35.473.014/0001-07,,,,
6583d0c0-d2c4-11ec-a581-fa168ec61f7f,Telefônica Brasil S.A.,Telefônica Cloud e Tecnologia do Brasil S.A,Administrator Vivo Platforma Digital,admin@resellertelefonica.com,012345-6789,4016008,21a1ddae-e5fa-4f8d-ac5b-c39f290cd4b7,New,SAAS,13/05/2022,13/05/2022,13/05/2022,SUBSCRIPTION,,,,,,13/05/2022,,TESTE DOMINIOS REG 2,TESTEDOMINIOSREG2,12/05/2022,TESTE DOMINIOS,REG 2,testedominiosreg2@getnada.com,112526-3989,rua almeida martins,65,,Chácara Klabin,São Paulo,São Paulo,17560-246,Brazil,BR,112526-3989,rua almeida martins,65,,Chácara Klabin,São Paulo,São Paulo,17560-246,Brazil,BR,112526-3989,Domínio  Registro  (.com),Domínio Registro (.com),Dominio_Registro_com_offer,,licença,1,1,39.90,39.90,39.9,,39.90,,39.9,4.48875,39.9,,,1.00,1.00,BRL,EUR,1.00,,1.00,,1.00,0.00,1.00,telesourcetesttest,1.00,1.00,1.00,0.00,1.00,One-Time Charge,Yes,Used Period,New,Boleto,Overdue,,,TlA-1-00044075,,,Active,626.997.099-72,41.014.761/0001-80,,27/05/2022,dominioregistrocom,27/05/2022,4015381,Santana de Parnaíba,São Paulo,Active,Yes,No,cloudcoGW,GWcloud,cloudins,Telefonica,telefonic cloudco,telefonica cloudco,159.6,159.6,4020011,Massivo,05-2022,05/2022,ISS,2.00,0.798,COFINS,7.60,3.0324,PIS,1.65,0.65835,Defaulter,,SPSAASCLOUDCO,,,,,,39.9,1,1,1,159.6,cloudco,39.9,35.473.014/0001-07,,,,
f6ad4c06-d2c5-11ec-a581-fa168ec61f7f,Telefônica Brasil S.A.,Telefônica Cloud e Tecnologia do Brasil S.A,Administrator Vivo Platforma Digital,admin@resellertelefonica.com,012345-6789,4016009,becfe927-3a1c-4fb6-b176-4e73dcba8ef3,Additional,SAAS,13/05/2022,13/05/2022,13/05/2022,SUBSCRIPTION,,,,,,13/05/2022,,TESTE DOMINIOS REG 2,TESTEDOMINIOSREG2,12/05/2022,TESTE DOMINIOS,REG 2,testedominiosreg2@getnada.com,112526-3989,rua almeida martins,65,,Chácara Klabin,São Paulo,São Paulo,17560-246,Brazil,BR,112526-3989,rua almeida martins,65,,Chácara Klabin,São Paulo,São Paulo,17560-246,Brazil,BR,112526-3989,Domínio  Registro  (.com),Domínio Registro (.com),Dominio_Registro_com_offer,,licença,1,1,39.90,39.90,39.9,,39.90,,39.9,4.48875,39.9,,,1.00,1.00,BRL,EUR,1.00,,1.00,,1.00,0.00,1.00,telesourcetesttest,1.00,1.00,1.00,0.00,1.00,One-Time Charge,Yes,Used Period,Additional,Boleto,Overdue,,,TlA-1-00044075,,,Active,626.997.099-72,41.014.761/0001-80,,27/05/2022,dominioregistrocom,27/05/2022,4015381,Santana de Parnaíba,São Paulo,Active,Yes,No,cloudcoGW,GWcloud,cloudins,Telefonica,telefonic cloudco,telefonica cloudco,159.6,159.6,4020011,Massivo,05-2022,05/2022,ISS,2.00,0.798,COFINS,7.60,3.0324,PIS,1.65,0.65835,Defaulter,,SPSAASCLOUDCO,,,,,,39.9,1,1,1,159.6,cloudco,39.9,35.473.014/0001-07,,,,
99ab419c-d5e6-11ec-96a7-fa168ec61f7f,Telefônica Brasil S.A.,Telefônica Cloud e Tecnologia do Brasil S.A,Administrator Vivo Platforma Digital,admin@resellertelefonica.com,012345-6789,4016020,19fe0dac-6b74-46e1-9d53-9964340a162a,Additional,SAAS,17/05/2022,17/05/2022,17/05/2022,SUBSCRIPTION,,,,,,17/05/2022,,TESTE DOMINIOS REG,TESTEDOMINIOSREG,09/05/2022,TESTE DOMINIOS,REG,testedominiosreg@getnada.com,8521521-5625,orlando de abreu,545,,Chácara Klabin,São Paulo,São Paulo,17560-246,Brazil,BR,8521521-5625,orlando de abreu,545,,Chácara Klabin,São Paulo,São Paulo,17560-246,Brazil,BR,8521521-5625,Domínio  Registro  (.com),Domínio Registro (.com),Dominio_Registro_com_offer,,licença,1,1,39.90,39.90,39.9,,39.90,,39.9,4.48875,39.9,,,1.00,1.00,BRL,EUR,1.00,,1.00,,1.00,0.00,1.00,telesourcetesttest,1.00,1.00,1.00,0.00,1.00,One-Time Charge,Yes,Used Period,Additional,Boleto,Overdue,,,TlA-1-00044019,,,Active,653.881.264-39,49.862.468/0001-84,,27/05/2022,dominioregistrocom,27/05/2022,4015381,Santana de Parnaíba,São Paulo,Active,Yes,No,cloudcoGW,GWcloud,cloudins,Telefonica,telefonic cloudco,telefonica cloudco,159.6,159.6,4019931,Massivo,05-2022,05/2022,ISS,2.00,0.798,COFINS,7.60,3.0324,PIS,1.65,0.65835,Defaulter,,SPSAASCLOUDCO,,,,,,39.9,1,1,1,159.6,cloudco,39.9,35.473.014/0001-07,,,,
5d4d8c32-d5eb-11ec-8bfe-fa168ec61f7f,Telefônica Brasil S.A.,Telefônica Cloud e Tecnologia do Brasil S.A,Administrator Vivo Platforma Digital,admin@resellertelefonica.com,012345-6789,4016021,becd6188-d26c-4fbd-8ee7-b8a3244b5578,New,SAAS,17/05/2022,17/05/2022,17/05/2022,SUBSCRIPTION,,,,,,17/05/2022,,TESTE DOMINIOS REG,TESTEDOMINIOSREG,09/05/2022,TESTE DOMINIOS,REG,testedominiosreg@getnada.com,8521521-5625,orlando de abreu,545,,Chácara Klabin,São Paulo,São Paulo,17560-246,Brazil,BR,8521521-5625,orlando de abreu,545,,Chácara Klabin,São Paulo,São Paulo,17560-246,Brazil,BR,8521521-5625,Domínio  Registro  (.net),Domínio  Registro (.net),Dominio_Registro_net_offer,,licença,1,1,39.90,39.90,39.9,,39.90,,39.9,4.48875,39.9,,,1.00,1.00,BRL,EUR,1.00,,1.00,,1.00,0.00,1.00,telesourcetesttest,1.00,1.00,1.00,0.00,1.00,One-Time Charge,Yes,Used Period,New,Boleto,Overdue,,,TlA-1-00044019,,,Active,653.881.264-39,49.862.468/0001-84,,27/05/2022,dominioregistronet,27/05/2022,4015381,Santana de Parnaíba,São Paulo,Active,Yes,No,cloudcoGW,GWcloud,cloudins,Telefonica,telefonic cloudco,telefonica cloudco,159.6,159.6,4019931,Massivo,05-2022,05/2022,ISS,2.00,0.798,COFINS,7.60,3.0324,PIS,1.65,0.65835,Defaulter,,SPSAASCLOUDCO,,,,,,39.9,1,1,1,159.6,cloudco,39.9,35.473.014/0001-07,,,,
05ab370e-d6b8-11ec-ac66-fa168ec61f7f,Telefônica Brasil S.A.,Telefônica Cloud e Tecnologia do Brasil S.A,Administrator Vivo Platforma Digital,admin@resellertelefonica.com,012345-6789,4016055,11151993-35ac-44fc-967a-e401a47cfa92,New,SAAS,17/05/2022,17/05/2022,18/05/2022,SUBSCRIPTION,,,,,,18/05/2022,,TESTES DOMINIOS REGISTROS,TESTESDOMINIOSREGISTROS,13/05/2022,TESTES DOMINIOS,REGISTR0,testedomregistro@getnada.com,121548-4545,Rua martins freitas,698,,Chacara Klábin,São Paulo,São Paulo,17560-246,Brazil,BR,121548-4545,Rua martins freitas,698,,Chacara Klábin,São Paulo,São Paulo,17560-246,Brazil,BR,121548-4545,Domínio  Registro  (.com),Domínio Registro (.com),Dominio_Registro_com_offer,,licença,1,1,39.90,39.90,39.9,,39.90,,39.9,4.48875,39.9,,,1.00,1.00,BRL,EUR,1.00,,1.00,,1.00,0.00,1.00,telesourcetesttest,1.00,1.00,1.00,0.00,1.00,One-Time Charge,Yes,Used Period,New,Boleto,Overdue,,,TlA-1-00043952,,,Active,086.981.152-50,31.968.964/0001-51,,27/05/2022,dominioregistrocom,27/05/2022,4015381,Santana de Parnaíba,São Paulo,Active,Yes,No,cloudcoGW,GWcloud,cloudins,Telefonica,telefonic cloudco,telefonica cloudco,79.8,79.8,4020021,Massivo,05-2022,05/2022,ISS,2.00,0.798,COFINS,7.60,3.0324,PIS,1.65,0.65835,Defaulter,,SPSAASCLOUDCO,,,,,,39.9,1,1,1,79.8,cloudco,39.9,35.473.014/0001-07,,,,
60858bdc-d5fc-11ec-b391-fa168ec61f7f,Telefônica Brasil S.A.,Telefônica Brasil S.A,Administrador Reseller Vivo,vivoreseller@stg.vivoplataformadigital.com.br,0800151-5511,4016056,7ad7413a-979f-4492-a5a9-1521b3986d2a,New,SAAS,17/05/2022,17/05/2022,17/05/2022,SUBSCRIPTION,,,,,,17/05/2022,26/05/2022,qa teste tbra wipro,qatestetbrawipro,17/05/2022,marcos,francisco,82292622335@getnada.com,115621-7843,av curio,369,,campanario,diadema,São Paulo,17560-246,Brazil,BR,115621-7843,av curio,369,,campanario,diadema,São Paulo,17560-246,Brazil,BR,115621-7843,Google Workspace,Google Workspace Enterprise Standard - Annual Plan,gwEnterpriseStandardAnnual,,Unit,1,0.333333333333333314829616256247390992939472198486328125,20.00,6.67,6.6666666667,,6.67,,6.67,0,6.67,,,14.00,4.67,BRL,USD,4.67,,4.67,,4.67,0.00,4.67,Google Workspace,10.00,3.33,3.33,0.00,3.33,Month,Yes,Used Period,New,Boleto,Overdue,,,TlA-1-00044057,,,Active,822.926.223-35,87.551.048/1832-38,isento,27/05/2022,googleworkspace,27/05/2022,4011790,Santana de Parnaíba,São Paulo,Active,Yes,Yes,77434,TBRA,9141,1.03,002 2018,Processamento armaz ou hosped de dados textos imagens videos paginas eletronicas apps e sist de info entre outros formatos e congeneres,6.67,6.67,4020063,Massivo,05-2022,05/2022,ISS,2.00,0,COFINS,7.60,0,PIS,1.65,0,Defaulter,,SPSAASTBRA,,,,,,20,14,10,1,6.67,telerese,6.67,02.558.157/0135-74,,,,
27eb85f2-d600-11ec-b2c2-fa168ec61f7f,Telefônica Brasil S.A.,Telefônica Brasil S.A,Administrador Reseller Vivo,vivoreseller@stg.vivoplataformadigital.com.br,0800151-5511,4016058,7abe6c2f-9722-42af-80bc-4f9bd9d6c6e6,New,SAAS,17/05/2022,17/05/2022,17/05/2022,SUBSCRIPTION,,,,,,17/05/2022,26/05/2022,wipro qa tbra,wiproqatbra,17/05/2022,maria,jose,62220957047@getnada.com,116532-8721,av curio,256,,campanario,diadema,São Paulo,17560-246,Brazil,BR,116532-8721,av curio,256,,campanario,diadema,São Paulo,17560-246,Brazil,BR,116532-8721,Google Workspace,Google Workspace Enterprise Plus - Annual Plan,gwEnterprisePlusAnnual,,unit,1,0.333333333333333314829616256247390992939472198486328125,20.00,6.67,6.6666666667,,6.67,,6.67,0.750375,6.67,,,14.00,4.67,BRL,USD,4.67,,4.67,,4.67,0.00,4.67,Google Workspace,10.00,3.33,3.33,0.00,3.33,Month,Yes,Used Period,New,Boleto,Overdue,,,TlA-1-00044059,,,Active,622.209.570-47,80.392.918/1470-07,isento,27/05/2022,googleworkspace,27/05/2022,4011790,Santana de Parnaíba,São Paulo,Active,Yes,Yes,77434,TBRA,9141,1.03,002 2018,Processamento armaz ou hosped de dados textos imagens videos paginas eletronicas apps e sist de info entre outros formatos e congeneres,6.67,6.67,4020061,Massivo,05-2022,05/2022,ISS,2.00,0.1334,COFINS,7.60,0.50692,PIS,1.65,0.110055,Defaulter,,SPSAASTBRA,,,,,,20,14,10,1,6.67,telerese,6.67,02.558.157/0135-74,,,,
88328400-d6a6-11ec-9dbf-fa168ec61f7f,Telefônica Brasil S.A.,Telefônica Cloud e Tecnologia do Brasil S.A,Administrator Vivo Platforma Digital,admin@resellertelefonica.com,012345-6789,4016059,0df1d821-5e1d-4082-8c5a-4189629ac0ca,New,SAAS,17/05/2022,17/05/2022,18/05/2022,SUBSCRIPTION,,,,,,18/05/2022,,TESTE DOMINIOS REG 2,TESTEDOMINIOSREG2,12/05/2022,TESTE DOMINIOS,REG 2,testedominiosreg2@getnada.com,112526-3989,rua almeida martins,65,,Chácara Klabin,São Paulo,São Paulo,17560-246,Brazil,BR,112526-3989,rua almeida martins,65,,Chácara Klabin,São Paulo,São Paulo,17560-246,Brazil,BR,112526-3989,Domínio  Registro  (.info),Domínio Registro (.info),Dominio_Registro_info_offer,,licença,1,1,39.90,39.90,39.9,,39.90,,39.9,4.48875,39.9,,,1.00,1.00,BRL,EUR,1.00,,1.00,,1.00,0.00,1.00,telesourcetesttest,1.00,1.00,1.00,0.00,1.00,One-Time Charge,Yes,Used Period,New,Boleto,Overdue,,,TlA-1-00044075,,,Active,626.997.099-72,41.014.761/0001-80,,27/05/2022,dominioregistroinfo,27/05/2022,4015381,Santana de Parnaíba,São Paulo,Active,Yes,No,cloudcoGW,GWcloud,cloudins,Telefonica,telefonic cloudco,telefonica cloudco,159.6,159.6,4020011,Massivo,05-2022,05/2022,ISS,2.00,0.798,COFINS,7.60,3.0324,PIS,1.65,0.65835,Defaulter,,SPSAASCLOUDCO,,,,,,39.9,1,1,1,159.6,cloudco,39.9,35.473.014/0001-07,,,,
6ef773ec-d62e-11ec-a91c-fa168ec61f7f,Telefônica Brasil S.A.,Telefônica Cloud e Tecnologia do Brasil S.A,Administrator Vivo Platforma Digital,admin@resellertelefonica.com,012345-6789,4016063,9ec1fff0-da9e-4001-b839-fd90700e3795,New,SAAS,17/05/2022,17/05/2022,17/05/2022,SUBSCRIPTION,,,,,,17/05/2022,,Cliente Edu Cloud,ClienteEduCloud,16/05/2022,"Cliente ",Edu Cloud,kesymotyf@getnada.com,1154545-8789,Paulista,144,,Jardins,São Paulo,São Paulo,17560-246,Brazil,BR,1154545-8789,Paulista,144,,Jardins,São Paulo,São Paulo,17560-246,Brazil,BR,1154545-8789,Domínio  Registro  (.info),Domínio Registro (.info),Dominio_Registro_info_offer,,licença,1,1,39.90,39.90,39.9,,39.90,,39.9,4.48875,39.9,,,1.00,1.00,BRL,EUR,1.00,,1.00,,1.00,0.00,1.00,telesourcetesttest,1.00,1.00,1.00,0.00,1.00,One-Time Charge,Yes,Used Period,New,Boleto,Overdue,,,TlA-1-00044033,,,Active,374.967.486-84,15.029.762/0001-98,isento,27/05/2022,dominioregistroinfo,27/05/2022,4015381,Santana de Parnaíba,São Paulo,Active,Yes,No,cloudcoGW,GWcloud,cloudins,Telefonica,telefonic cloudco,telefonica cloudco,79.8,79.8,4020053,Massivo,05-2022,05/2022,ISS,2.00,0.798,COFINS,7.60,3.0324,PIS,1.65,0.65835,Defaulter,,SPSAASCLOUDCO,,,,,,39.9,1,1,1,79.8,cloudco,39.9,35.473.014/0001-07,,,,
d29011e8-d62e-11ec-995a-fa168ec61f7f,Telefônica Brasil S.A.,Telefônica Cloud e Tecnologia do Brasil S.A,Administrator Vivo Platforma Digital,admin@resellertelefonica.com,012345-6789,4016064,bae00fc7-7d14-4fb6-bd00-166f7de5c8c5,Additional,SAAS,17/05/2022,17/05/2022,17/05/2022,SUBSCRIPTION,,,,,,17/05/2022,,Cliente Edu Cloud,ClienteEduCloud,16/05/2022,"Cliente ",Edu Cloud,kesymotyf@getnada.com,1154545-8789,Paulista,144,,Jardins,São Paulo,São Paulo,17560-246,Brazil,BR,1154545-8789,Paulista,144,,Jardins,São Paulo,São Paulo,17560-246,Brazil,BR,1154545-8789,Domínio  Registro  (.info),Domínio Registro (.info),Dominio_Registro_info_offer,,licença,1,1,39.90,39.90,39.9,,39.90,,39.9,4.48875,39.9,,,1.00,1.00,BRL,EUR,1.00,,1.00,,1.00,0.00,1.00,telesourcetesttest,1.00,1.00,1.00,0.00,1.00,One-Time Charge,Yes,Used Period,Additional,Boleto,Overdue,,,TlA-1-00044033,,,Active,374.967.486-84,15.029.762/0001-98,isento,27/05/2022,dominioregistroinfo,27/05/2022,4015381,Santana de Parnaíba,São Paulo,Active,Yes,No,cloudcoGW,GWcloud,cloudins,Telefonica,telefonic cloudco,telefonica cloudco,79.8,79.8,4020053,Massivo,05-2022,05/2022,ISS,2.00,0.798,COFINS,7.60,3.0324,PIS,1.65,0.65835,Defaulter,,SPSAASCLOUDCO,,,,,,39.9,1,1,1,79.8,cloudco,39.9,35.473.014/0001-07,,,,
3973621e-d6b8-11ec-9915-fa168ec61f7f,Telefônica Brasil S.A.,Telefônica Cloud e Tecnologia do Brasil S.A,Administrator Vivo Platforma Digital,admin@resellertelefonica.com,012345-6789,4016068,6f913e88-da61-4874-8cca-8d6206f57797,New,SAAS,18/05/2022,18/05/2022,18/05/2022,SUBSCRIPTION,,,,,,18/05/2022,,TESTE DOMINIOS REG 2,TESTEDOMINIOSREG2,12/05/2022,TESTE DOMINIOS,REG 2,testedominiosreg2@getnada.com,112526-3989,rua almeida martins,65,,Chácara Klabin,São Paulo,São Paulo,17560-246,Brazil,BR,112526-3989,rua almeida martins,65,,Chácara Klabin,São Paulo,São Paulo,17560-246,Brazil,BR,112526-3989,Domínio  Registro  (.net),Domínio  Registro (.net),Dominio_Registro_net_offer,,licença,1,1,39.90,39.90,39.9,,39.90,,39.9,4.48875,39.9,,,1.00,1.00,BRL,EUR,1.00,,1.00,,1.00,0.00,1.00,telesourcetesttest,1.00,1.00,1.00,0.00,1.00,One-Time Charge,Yes,Used Period,New,Boleto,Overdue,,,TlA-1-00044075,,,Active,626.997.099-72,41.014.761/0001-80,,27/05/2022,dominioregistronet,27/05/2022,4015381,Santana de Parnaíba,São Paulo,Active,Yes,No,cloudcoGW,GWcloud,cloudins,Telefonica,telefonic cloudco,telefonica cloudco,159.6,159.6,4020011,Massivo,05-2022,05/2022,ISS,2.00,0.798,COFINS,7.60,3.0324,PIS,1.65,0.65835,Defaulter,,SPSAASCLOUDCO,,,,,,39.9,1,1,1,159.6,cloudco,39.9,35.473.014/0001-07,,,,
8fcb808c-d6b4-11ec-9d46-fa168ec61f7f,Telefônica Brasil S.A.,Telefônica Cloud e Tecnologia do Brasil S.A,Administrator Vivo Platforma Digital,admin@resellertelefonica.com,012345-6789,4016069,919912f7-ec64-4165-a372-b7819b834eb7,New,SAAS,18/05/2022,18/05/2022,18/05/2022,SUBSCRIPTION,,,,,,18/05/2022,,TESTE DOM ORG,TESTEDOMORG,17/05/2022,TESTE DOM,ORG,testedominioorg@getnada.com,2562521-5812,rua almeida orvalho,998,,Chácara Klabin,São Paulo,São Paulo,17560-246,Brazil,BR,2562521-5812,rua almeida orvalho,998,,Chácara Klabin,São Paulo,São Paulo,17560-246,Brazil,BR,2562521-5812,Domínio  Registro  (.org),Domínio Registro (.org),Dominio_Registro_org_offer,,licença,1,1,39.90,39.90,39.9,,39.90,,39.9,4.48875,39.9,,,1.00,1.00,BRL,EUR,1.00,,1.00,,1.00,0.00,1.00,telesourcetesttest,1.00,1.00,1.00,0.00,1.00,One-Time Charge,Yes,Used Period,New,Boleto,Overdue,,,TlA-1-00043994,,,Active,120.876.781-03,87.671.745/0001-60,,27/05/2022,dominioregistroorg,27/05/2022,4015381,Santana de Parnaíba,São Paulo,Active,Yes,No,cloudcoGW,GWcloud,cloudins,Telefonica,telefonic cloudco,telefonica cloudco,79.8,79.8,4020076,Massivo,05-2022,05/2022,ISS,2.00,0.798,COFINS,7.60,3.0324,PIS,1.65,0.65835,Defaulter,,SPSAASCLOUDCO,,,,,,39.9,1,1,1,79.8,cloudco,39.9,35.473.014/0001-07,,,,
74febe36-d6b4-11ec-9397-fa168ec61f7f,Telefônica Brasil S.A.,Telefônica Cloud e Tecnologia do Brasil S.A,Administrator Vivo Platforma Digital,admin@resellertelefonica.com,012345-6789,4016070,2f454fe2-933a-42d1-93d5-d88896c585bc,New,SAAS,18/05/2022,18/05/2022,18/05/2022,SUBSCRIPTION,,,,,,18/05/2022,,TESTE DOM INFO,TESTEDOMINFO,17/05/2022,TESTE DOM,INFO,testedominioinfo@getnada.com,5253253-7857,mauricio meireles,6778,,Chacara Klabin,São Paulo,São Paulo,17560-246,Brazil,BR,5253253-7857,mauricio meireles,6778,,Chacara Klabin,São Paulo,São Paulo,17560-246,Brazil,BR,5253253-7857,Domínio  Registro  (.info),Domínio Registro (.info),Dominio_Registro_info_offer,,licença,1,1,39.90,39.90,39.9,,39.90,,39.9,4.48875,39.9,,,1.00,1.00,BRL,EUR,1.00,,1.00,,1.00,0.00,1.00,telesourcetesttest,1.00,1.00,1.00,0.00,1.00,One-Time Charge,Yes,Used Period,New,Boleto,Overdue,,,TlA-1-00044081,,,Active,762.946.456-89,38.034.382/0001-47,,27/05/2022,dominioregistroinfo,27/05/2022,4015381,Santana de Parnaíba,São Paulo,Active,Yes,No,cloudcoGW,GWcloud,cloudins,Telefonica,telefonic cloudco,telefonica cloudco,199.5,199.5,4020065,Massivo,05-2022,05/2022,ISS,2.00,0.798,COFINS,7.60,3.0324,PIS,1.65,0.65835,Defaulter,,SPSAASCLOUDCO,,,,,,39.9,1,1,1,199.5,cloudco,39.9,35.473.014/0001-07,,,,
cd4edd2a-d6b7-11ec-bb7a-fa168ec61f7f,Telefônica Brasil S.A.,Telefônica Cloud e Tecnologia do Brasil S.A,Administrator Vivo Platforma Digital,admin@resellertelefonica.com,012345-6789,4016073,24940128-9b60-4e9c-8621-979079de213c,New,SAAS,18/05/2022,18/05/2022,18/05/2022,SUBSCRIPTION,,,,,,18/05/2022,,TESTE DOM ORG,TESTEDOMORG,17/05/2022,TESTE DOM,ORG,testedominioorg@getnada.com,2562521-5812,rua almeida orvalho,998,,Chácara Klabin,São Paulo,São Paulo,17560-246,Brazil,BR,2562521-5812,rua almeida orvalho,998,,Chácara Klabin,São Paulo,São Paulo,17560-246,Brazil,BR,2562521-5812,Domínio  Registro  (.info),Domínio Registro (.info),Dominio_Registro_info_offer,,licença,1,1,39.90,39.90,39.9,,39.90,,39.9,4.48875,39.9,,,1.00,1.00,BRL,EUR,1.00,,1.00,,1.00,0.00,1.00,telesourcetesttest,1.00,1.00,1.00,0.00,1.00,One-Time Charge,Yes,Used Period,New,Boleto,Overdue,,,TlA-1-00043994,,,Active,120.876.781-03,87.671.745/0001-60,,27/05/2022,dominioregistroinfo,27/05/2022,4015381,Santana de Parnaíba,São Paulo,Active,Yes,No,cloudcoGW,GWcloud,cloudins,Telefonica,telefonic cloudco,telefonica cloudco,79.8,79.8,4020076,Massivo,05-2022,05/2022,ISS,2.00,0.798,COFINS,7.60,3.0324,PIS,1.65,0.65835,Defaulter,,SPSAASCLOUDCO,,,,,,39.9,1,1,1,79.8,cloudco,39.9,35.473.014/0001-07,,,,
b47c340e-d6b8-11ec-b5ab-fa168ec61f7f,Telefônica Brasil S.A.,Telefônica Cloud e Tecnologia do Brasil S.A,Administrator Vivo Platforma Digital,admin@resellertelefonica.com,012345-6789,4016075,202b6fe9-ac69-482b-a9a6-4f378c5eff40,New,SAAS,18/05/2022,18/05/2022,18/05/2022,SUBSCRIPTION,,,,,,18/05/2022,,TESTE DOM BIZ,TESTEDOMBIZ,17/05/2022,TESTE DOM,BIZ,testedominiobiz@getnada.com,9464658-8551,rua almeida orvalho,445,,Chacara Klabin,São Paulo,São Paulo,17560-246,Brazil,BR,9464658-8551,rua almeida orvalho,445,,Chacara Klabin,São Paulo,São Paulo,17560-246,Brazil,BR,9464658-8551,Domínio  Registro  (.info),Domínio Registro (.info),Dominio_Registro_info_offer,,licença,1,1,39.90,39.90,39.9,,39.90,,39.9,4.48875,39.9,,,1.00,1.00,BRL,EUR,1.00,,1.00,,1.00,0.00,1.00,telesourcetesttest,1.00,1.00,1.00,0.00,1.00,One-Time Charge,Yes,Used Period,New,Boleto,Overdue,,,TlA-1-00043992,,,Active,171.957.117-14,59.532.711/0001-50,,27/05/2022,dominioregistroinfo,27/05/2022,4015381,Santana de Parnaíba,São Paulo,Active,Yes,No,cloudcoGW,GWcloud,cloudins,Telefonica,telefonic cloudco,telefonica cloudco,119.7,119.7,4020071,Massivo,05-2022,05/2022,ISS,2.00,0.798,COFINS,7.60,3.0324,PIS,1.65,0.65835,Defaulter,,SPSAASCLOUDCO,,,,,,39.9,1,1,1,119.7,cloudco,39.9,35.473.014/0001-07,,,,
6f2ed176-d6b9-11ec-b5ab-fa168ec61f7f,Telefônica Brasil S.A.,Telefônica Cloud e Tecnologia do Brasil S.A,Administrator Vivo Platforma Digital,admin@resellertelefonica.com,012345-6789,4016077,1aa04ef1-0576-47af-8c53-937b38d08255,New,SAAS,18/05/2022,18/05/2022,18/05/2022,SUBSCRIPTION,,,,,,18/05/2022,,TESTE DOM BIZ,TESTEDOMBIZ,17/05/2022,TESTE DOM,BIZ,testedominiobiz@getnada.com,9464658-8551,rua almeida orvalho,445,,Chacara Klabin,São Paulo,São Paulo,17560-246,Brazil,BR,9464658-8551,rua almeida orvalho,445,,Chacara Klabin,São Paulo,São Paulo,17560-246,Brazil,BR,9464658-8551,Domínio  Registro  (.com),Domínio Registro (.com),Dominio_Registro_com_offer,,licença,1,1,39.90,39.90,39.9,,39.90,,39.9,4.48875,39.9,,,1.00,1.00,BRL,EUR,1.00,,1.00,,1.00,0.00,1.00,telesourcetesttest,1.00,1.00,1.00,0.00,1.00,One-Time Charge,Yes,Used Period,New,Boleto,Overdue,,,TlA-1-00043992,,,Active,171.957.117-14,59.532.711/0001-50,,27/05/2022,dominioregistrocom,27/05/2022,4015381,Santana de Parnaíba,São Paulo,Active,Yes,No,cloudcoGW,GWcloud,cloudins,Telefonica,telefonic cloudco,telefonica cloudco,119.7,119.7,4020071,Massivo,05-2022,05/2022,ISS,2.00,0.798,COFINS,7.60,3.0324,PIS,1.65,0.65835,Defaulter,,SPSAASCLOUDCO,,,,,,39.9,1,1,1,119.7,cloudco,39.9,35.473.014/0001-07,,,,
fc14403e-d6ba-11ec-b5ab-fa168ec61f7f,Telefônica Brasil S.A.,Telefônica Cloud e Tecnologia do Brasil S.A,Administrator Vivo Platforma Digital,admin@resellertelefonica.com,012345-6789,4016079,916540c1-9377-4b49-b91d-3c48d85a5455,New,SAAS,18/05/2022,18/05/2022,18/05/2022,SUBSCRIPTION,,,,,,18/05/2022,,TESTE DOM BIZ,TESTEDOMBIZ,17/05/2022,TESTE DOM,BIZ,testedominiobiz@getnada.com,9464658-8551,rua almeida orvalho,445,,Chacara Klabin,São Paulo,São Paulo,17560-246,Brazil,BR,9464658-8551,rua almeida orvalho,445,,Chacara Klabin,São Paulo,São Paulo,17560-246,Brazil,BR,9464658-8551,Domínio  Registro  (.org),Domínio Registro (.org),Dominio_Registro_org_offer,,licença,1,1,39.90,39.90,39.9,,39.90,,39.9,4.48875,39.9,,,1.00,1.00,BRL,EUR,1.00,,1.00,,1.00,0.00,1.00,telesourcetesttest,1.00,1.00,1.00,0.00,1.00,One-Time Charge,Yes,Used Period,New,Boleto,Overdue,,,TlA-1-00043992,,,Active,171.957.117-14,59.532.711/0001-50,,27/05/2022,dominioregistroorg,27/05/2022,4015381,Santana de Parnaíba,São Paulo,Active,Yes,No,cloudcoGW,GWcloud,cloudins,Telefonica,telefonic cloudco,telefonica cloudco,119.7,119.7,4020071,Massivo,05-2022,05/2022,ISS,2.00,0.798,COFINS,7.60,3.0324,PIS,1.65,0.65835,Defaulter,,SPSAASCLOUDCO,,,,,,39.9,1,1,1,119.7,cloudco,39.9,35.473.014/0001-07,,,,
0081d1fe-d6bb-11ec-9915-fa168ec61f7f,Telefônica Brasil S.A.,Telefônica Cloud e Tecnologia do Brasil S.A,Administrator Vivo Platforma Digital,admin@resellertelefonica.com,012345-6789,4016080,596ceffc-a3a3-4b8b-adac-484532e42f50,New,SAAS,18/05/2022,18/05/2022,18/05/2022,SUBSCRIPTION,,,,,,18/05/2022,,TESTE DOM COM,TESTEDOMCOM,17/05/2022,TESTE DOM,COM,testedominiocom@getnada.com,6256325-6256,rua almeida martins,788,,Chacara Klábin,São Paulo,São Paulo,17560-246,Brazil,BR,6256325-6256,rua almeida martins,788,,Chacara Klábin,São Paulo,São Paulo,17560-246,Brazil,BR,6256325-6256,Domínio  Registro  (.com),Domínio Registro (.com),Dominio_Registro_com_offer,,licença,1,1,39.90,39.90,39.9,,39.90,,39.9,4.48875,39.9,,,1.00,1.00,BRL,EUR,1.00,,1.00,,1.00,0.00,1.00,telesourcetesttest,1.00,1.00,1.00,0.00,1.00,One-Time Charge,Yes,Used Period,New,Boleto,Overdue,,,TlA-1-00044079,,,Active,456.673.155-30,78.676.544/0001-65,,27/05/2022,dominioregistrocom,27/05/2022,4015381,Santana de Parnaíba,São Paulo,Active,Yes,No,cloudcoGW,GWcloud,cloudins,Telefonica,telefonic cloudco,telefonica cloudco,39.9,39.9,4020067,Massivo,05-2022,05/2022,ISS,2.00,0.798,COFINS,7.60,3.0324,PIS,1.65,0.65835,Defaulter,,SPSAASCLOUDCO,,,,,,39.9,1,1,1,39.9,cloudco,39.9,35.473.014/0001-07,,,,
c0046292-d6bd-11ec-b76c-fa168ec61f7f,Telefônica Brasil S.A.,Telefônica Cloud e Tecnologia do Brasil S.A,Administrator Vivo Platforma Digital,admin@resellertelefonica.com,012345-6789,4016083,50a524de-c35d-4850-ba9e-0155d5d0a687,New,SAAS,18/05/2022,18/05/2022,18/05/2022,SUBSCRIPTION,,,,,,18/05/2022,,TESTE DOM INFO,TESTEDOMINFO,17/05/2022,TESTE DOM,INFO,testedominioinfo@getnada.com,5253253-7857,mauricio meireles,6778,,Chacara Klabin,São Paulo,São Paulo,17560-246,Brazil,BR,5253253-7857,mauricio meireles,6778,,Chacara Klabin,São Paulo,São Paulo,17560-246,Brazil,BR,5253253-7857,Domínio  Registro  (.org),Domínio Registro (.org),Dominio_Registro_org_offer,,licença,1,1,39.90,39.90,39.9,,39.90,,39.9,4.48875,39.9,,,1.00,1.00,BRL,EUR,1.00,,1.00,,1.00,0.00,1.00,telesourcetesttest,1.00,1.00,1.00,0.00,1.00,One-Time Charge,Yes,Used Period,New,Boleto,Overdue,,,TlA-1-00044081,,,Active,762.946.456-89,38.034.382/0001-47,,27/05/2022,dominioregistroorg,27/05/2022,4015381,Santana de Parnaíba,São Paulo,Active,Yes,No,cloudcoGW,GWcloud,cloudins,Telefonica,telefonic cloudco,telefonica cloudco,199.5,199.5,4020065,Massivo,05-2022,05/2022,ISS,2.00,0.798,COFINS,7.60,3.0324,PIS,1.65,0.65835,Defaulter,,SPSAASCLOUDCO,,,,,,39.9,1,1,1,199.5,cloudco,39.9,35.473.014/0001-07,,,,
6366ab48-d6be-11ec-a647-fa168ec61f7f,Telefônica Brasil S.A.,Telefônica Cloud e Tecnologia do Brasil S.A,Administrator Vivo Platforma Digital,admin@resellertelefonica.com,012345-6789,4016084,1b49fe33-962e-4f17-8ba7-8afe1788b4a2,New,SAAS,18/05/2022,18/05/2022,18/05/2022,SUBSCRIPTION,,,,,,18/05/2022,,TESTE DOM INFO,TESTEDOMINFO,17/05/2022,TESTE DOM,INFO,testedominioinfo@getnada.com,5253253-7857,mauricio meireles,6778,,Chacara Klabin,São Paulo,São Paulo,17560-246,Brazil,BR,5253253-7857,mauricio meireles,6778,,Chacara Klabin,São Paulo,São Paulo,17560-246,Brazil,BR,5253253-7857,Domínio  Registro  (.com.br),Domínio Registro (.com.br),Dominio_Registro_com_br_offer,,licença,1,1,39.90,39.90,39.9,,39.90,,39.9,4.48875,39.9,,,1.00,1.00,BRL,EUR,1.00,,1.00,,1.00,0.00,1.00,telesourcetesttest,1.00,1.00,1.00,0.00,1.00,One-Time Charge,Yes,Used Period,New,Boleto,Overdue,,,TlA-1-00044081,,,Active,762.946.456-89,38.034.382/0001-47,,27/05/2022,dominioregistrocombr,27/05/2022,4015381,Santana de Parnaíba,São Paulo,Active,Yes,No,cloudcoGW,GWcloud,cloudins,Telefonica,telefonic cloudco,telefonica cloudco,199.5,199.5,4020065,Massivo,05-2022,05/2022,ISS,2.00,0.798,COFINS,7.60,3.0324,PIS,1.65,0.65835,Defaulter,,SPSAASCLOUDCO,,,,,,39.9,1,1,1,199.5,cloudco,39.9,35.473.014/0001-07,,,,
7c6201a0-d6bf-11ec-b5ab-fa168ec61f7f,Telefônica Brasil S.A.,Telefônica Cloud e Tecnologia do Brasil S.A,Administrator Vivo Platforma Digital,admin@resellertelefonica.com,012345-6789,4016085,bd28af3b-2cbb-47e4-8df6-09d161824d12,New,SAAS,18/05/2022,18/05/2022,18/05/2022,SUBSCRIPTION,,,,,,18/05/2022,,TESTE DOM BR,TESTEDOMBR,17/05/2022,TESTE DOM,BR,testedominiobr@getnada.com,5215621-4821,Roberto almeida,774,,Chacara Klabin,São Paulo,São Paulo,17560-246,Brazil,BR,5215621-4821,Roberto almeida,774,,Chacara Klabin,São Paulo,São Paulo,17560-246,Brazil,BR,5215621-4821,Domínio  Registro  (.com.br),Domínio Registro (.com.br),Dominio_Registro_com_br_offer,,licença,1,1,39.90,39.90,39.9,,39.90,,39.9,4.48875,39.9,,,1.00,1.00,BRL,EUR,1.00,,1.00,,1.00,0.00,1.00,telesourcetesttest,1.00,1.00,1.00,0.00,1.00,One-Time Charge,Yes,Used Period,New,Boleto,Overdue,,,TlA-1-00043940,,,Active,410.625.656-81,42.374.242/0001-95,,27/05/2022,dominioregistrocombr,27/05/2022,4015381,Santana de Parnaíba,São Paulo,Active,Yes,No,cloudcoGW,GWcloud,cloudins,Telefonica,telefonic cloudco,telefonica cloudco,39.9,39.9,4020069,Massivo,05-2022,05/2022,ISS,2.00,0.798,COFINS,7.60,3.0324,PIS,1.65,0.65835,Defaulter,,SPSAASCLOUDCO,,,,,,39.9,1,1,1,39.9,cloudco,39.9,35.473.014/0001-07,,,,
78460d9e-d6c1-11ec-b76c-fa168ec61f7f,Telefônica Brasil S.A.,Telefônica Cloud e Tecnologia do Brasil S.A,Administrator Vivo Platforma Digital,admin@resellertelefonica.com,012345-6789,4016086,0690274d-daf7-4fa5-94e0-7ce599f3ebb9,New,SAAS,18/05/2022,18/05/2022,18/05/2022,SUBSCRIPTION,,,,,,18/05/2022,,Teste Dominio Info,TesteDominioInfo1,18/05/2022,Teste Dominio,Info,testedominfo@getnada.com,115252-6271,Rua Paulista,251,,Bairro Jardins,São Paulo,São Paulo,17560-246,Brazil,BR,115252-6271,Rua Paulista,251,,Bairro Jardins,São Paulo,São Paulo,17560-246,Brazil,BR,115252-6271,Domínio  Registro  (.info),Domínio Registro (.info),Dominio_Registro_info_offer,,licença,1,1,39.90,39.90,39.9,,39.90,,39.9,4.48875,39.9,,,1.00,1.00,BRL,EUR,1.00,,1.00,,1.00,0.00,1.00,telesourcetesttest,1.00,1.00,1.00,0.00,1.00,One-Time Charge,Yes,Used Period,New,Boleto,Overdue,,,TlA-1-00044001,,,Active,166.565.515-13,53.197.882/0001-93,Isento,27/05/2022,dominioregistroinfo,27/05/2022,4015381,Santana de Parnaíba,São Paulo,Active,Yes,No,cloudcoGW,GWcloud,cloudins,Telefonica,telefonic cloudco,telefonica cloudco,39.9,39.9,4020096,Massivo,05-2022,05/2022,ISS,2.00,0.798,COFINS,7.60,3.0324,PIS,1.65,0.65835,Defaulter,,SPSAASCLOUDCO,,,,,,39.9,1,1,1,39.9,cloudco,39.9,35.473.014/0001-07,,,,
e0592c94-d6c2-11ec-9397-fa168ec61f7f,Telefônica Brasil S.A.,Telefônica Cloud e Tecnologia do Brasil S.A,Administrator Vivo Platforma Digital,admin@resellertelefonica.com,012345-6789,4016087,3529b17a-e8b3-4a31-aeba-a7b8f861e89c,New,SAAS,18/05/2022,18/05/2022,18/05/2022,SUBSCRIPTION,,,,,,18/05/2022,,Teste Dominio Org,TesteDominioOrg,18/05/2022,Teste Dominio,Org,domorgacens@getnada.com,1125915-8928,Rua Paulista,215,,Bairro Jardins,São Paulo,São Paulo,17560-246,Brazil,BR,1125915-8928,Rua Paulista,215,,Bairro Jardins,São Paulo,São Paulo,17560-246,Brazil,BR,1125915-8928,Domínio  Registro  (.org),Domínio Registro (.org),Dominio_Registro_org_offer,,licença,1,1,39.90,39.90,39.9,,39.90,,39.9,4.48875,39.9,,,1.00,1.00,BRL,EUR,1.00,,1.00,,1.00,0.00,1.00,telesourcetesttest,1.00,1.00,1.00,0.00,1.00,One-Time Charge,Yes,Used Period,New,Boleto,Overdue,,,TlA-1-00043960,,,Active,321.314.475-40,34.843.346/0001-73,Isento,27/05/2022,dominioregistroorg,27/05/2022,4015381,Santana de Parnaíba,São Paulo,Active,Yes,No,cloudcoGW,GWcloud,cloudins,Telefonica,telefonic cloudco,telefonica cloudco,39.9,39.9,4020100,Massivo,05-2022,05/2022,ISS,2.00,0.798,COFINS,7.60,3.0324,PIS,1.65,0.65835,Defaulter,,SPSAASCLOUDCO,,,,,,39.9,1,1,1,39.9,cloudco,39.9,35.473.014/0001-07,,,,
6674333a-d6c5-11ec-a6a8-fa168ec61f7f,Telefônica Brasil S.A.,Telefônica Cloud e Tecnologia do Brasil S.A,Administrator Vivo Platforma Digital,admin@resellertelefonica.com,012345-6789,4016088,f9eb87dd-1d84-4788-ab13-b22aabd1ce63,New,SAAS,18/05/2022,18/05/2022,18/05/2022,SUBSCRIPTION,,,,,,18/05/2022,,TESTO DOM INFO,TESTODOMINFO,17/05/2022,Teste,DOM INFO,ridany@tafmail.com,1246546-7897,Paulista,1654,,JARDINS,São Paulo,São Paulo,17560-246,Brazil,BR,1246546-7897,Paulista,1654,,JARDINS,São Paulo,São Paulo,17560-246,Brazil,BR,1246546-7897,Dominio  Registro  (.biz),Domínio Registro (.biz),Dominio_Registro_biz_offer,,licença,1,1,39.90,39.90,39.9,,39.90,,39.9,4.48875,39.9,,,1.00,1.00,BRL,EUR,1.00,,1.00,,1.00,0.00,1.00,telesourcetesttest,1.00,1.00,1.00,0.00,1.00,One-Time Charge,Yes,Used Period,New,Boleto,Overdue,,,TlA-1-00043998,,,Active,384.794.265-43,21.478.123/0001-02,isento,27/05/2022,dominioregistrobiz,27/05/2022,4015381,Santana de Parnaíba,São Paulo,Active,Yes,No,cloudcoGW,GWcloud,cloudins,Telefonica,telefonic cloudco,telefonica cloudco,79.8,79.8,4020088,Massivo,05-2022,05/2022,ISS,2.00,0.798,COFINS,7.60,3.0324,PIS,1.65,0.65835,Defaulter,,SPSAASCLOUDCO,,,,,,39.9,1,1,1,79.8,cloudco,39.9,35.473.014/0001-07,,,,
3993515c-d6c5-11ec-b76c-fa168ec61f7f,Telefônica Brasil S.A.,Telefônica Cloud e Tecnologia do Brasil S.A,Administrator Vivo Platforma Digital,admin@resellertelefonica.com,012345-6789,4016089,f040d0ff-9de1-401a-b954-f105509ebb29,New,SAAS,18/05/2022,18/05/2022,18/05/2022,SUBSCRIPTION,,,,,,18/05/2022,,TESTE DOM INFO,TESTEDOMINFO,17/05/2022,TESTE DOM,INFO,testedominioinfo@getnada.com,5253253-7857,mauricio meireles,6778,,Chacara Klabin,São Paulo,São Paulo,17560-246,Brazil,BR,5253253-7857,mauricio meireles,6778,,Chacara Klabin,São Paulo,São Paulo,17560-246,Brazil,BR,5253253-7857,Dominio  Registro  (.biz),Domínio Registro (.biz),Dominio_Registro_biz_offer,,licença,1,1,39.90,39.90,39.9,,39.90,,39.9,4.48875,39.9,,,1.00,1.00,BRL,EUR,1.00,,1.00,,1.00,0.00,1.00,telesourcetesttest,1.00,1.00,1.00,0.00,1.00,One-Time Charge,Yes,Used Period,New,Boleto,Overdue,,,TlA-1-00044081,,,Active,762.946.456-89,38.034.382/0001-47,,27/05/2022,dominioregistrobiz,27/05/2022,4015381,Santana de Parnaíba,São Paulo,Active,Yes,No,cloudcoGW,GWcloud,cloudins,Telefonica,telefonic cloudco,telefonica cloudco,199.5,199.5,4020065,Massivo,05-2022,05/2022,ISS,2.00,0.798,COFINS,7.60,3.0324,PIS,1.65,0.65835,Defaulter,,SPSAASCLOUDCO,,,,,,39.9,1,1,1,199.5,cloudco,39.9,35.473.014/0001-07,,,,
0657db1a-d6c4-11ec-b76c-fa168ec61f7f,Telefônica Brasil S.A.,Telefônica Cloud e Tecnologia do Brasil S.A,Administrator Vivo Platforma Digital,admin@resellertelefonica.com,012345-6789,4016090,5dbd436f-4827-48ab-99b0-5c00541f81bc,New,SAAS,18/05/2022,18/05/2022,18/05/2022,SUBSCRIPTION,,,,,,18/05/2022,,TESTO DOM INFO,TESTODOMINFO,17/05/2022,Teste,DOM INFO,ridany@tafmail.com,1246546-7897,Paulista,1654,,JARDINS,São Paulo,São Paulo,17560-246,Brazil,BR,1246546-7897,Paulista,1654,,JARDINS,São Paulo,São Paulo,17560-246,Brazil,BR,1246546-7897,Domínio  Registro  (.net),Domínio  Registro (.net),Dominio_Registro_net_offer,,licença,1,1,39.90,39.90,39.9,,39.90,,39.9,4.48875,39.9,,,1.00,1.00,BRL,EUR,1.00,,1.00,,1.00,0.00,1.00,telesourcetesttest,1.00,1.00,1.00,0.00,1.00,One-Time Charge,Yes,Used Period,New,Boleto,Overdue,,,TlA-1-00043998,,,Active,384.794.265-43,21.478.123/0001-02,isento,27/05/2022,dominioregistronet,27/05/2022,4015381,Santana de Parnaíba,São Paulo,Active,Yes,No,cloudcoGW,GWcloud,cloudins,Telefonica,telefonic cloudco,telefonica cloudco,79.8,79.8,4020088,Massivo,05-2022,05/2022,ISS,2.00,0.798,COFINS,7.60,3.0324,PIS,1.65,0.65835,Defaulter,,SPSAASCLOUDCO,,,,,,39.9,1,1,1,79.8,cloudco,39.9,35.473.014/0001-07,,,,
11c18604-d6c4-11ec-8883-fa168ec61f7f,Telefônica Brasil S.A.,Telefônica Cloud e Tecnologia do Brasil S.A,Administrator Vivo Platforma Digital,admin@resellertelefonica.com,012345-6789,4016091,a217c546-adb9-4ebe-8a7d-cb354b297dd3,New,SAAS,18/05/2022,18/05/2022,18/05/2022,SUBSCRIPTION,,,,,,18/05/2022,,TESTE DOM INFO,TESTEDOMINFO,17/05/2022,TESTE DOM,INFO,testedominioinfo@getnada.com,5253253-7857,mauricio meireles,6778,,Chacara Klabin,São Paulo,São Paulo,17560-246,Brazil,BR,5253253-7857,mauricio meireles,6778,,Chacara Klabin,São Paulo,São Paulo,17560-246,Brazil,BR,5253253-7857,Domínio  Registro  (.net),Domínio  Registro (.net),Dominio_Registro_net_offer,,licença,1,1,39.90,39.90,39.9,,39.90,,39.9,4.48875,39.9,,,1.00,1.00,BRL,EUR,1.00,,1.00,,1.00,0.00,1.00,telesourcetesttest,1.00,1.00,1.00,0.00,1.00,One-Time Charge,Yes,Used Period,New,Boleto,Overdue,,,TlA-1-00044081,,,Active,762.946.456-89,38.034.382/0001-47,,27/05/2022,dominioregistronet,27/05/2022,4015381,Santana de Parnaíba,São Paulo,Active,Yes,No,cloudcoGW,GWcloud,cloudins,Telefonica,telefonic cloudco,telefonica cloudco,199.5,199.5,4020065,Massivo,05-2022,05/2022,ISS,2.00,0.798,COFINS,7.60,3.0324,PIS,1.65,0.65835,Defaulter,,SPSAASCLOUDCO,,,,,,39.9,1,1,1,199.5,cloudco,39.9,35.473.014/0001-07,,,,
dc3470e0-d6c4-11ec-bb7a-fa168ec61f7f,Telefônica Brasil S.A.,Telefônica Cloud e Tecnologia do Brasil S.A,Administrator Vivo Platforma Digital,admin@resellertelefonica.com,012345-6789,4016092,10a80a84-7452-4ff9-a598-48a23c23229a,New,SAAS,18/05/2022,18/05/2022,18/05/2022,SUBSCRIPTION,,,,,,18/05/2022,,TESTE DOM NET,TESTEDOMNET,17/05/2022,TESTE DOM,NET,testedominionet@getnada.com,8965586-5896,Rua martins freitas,778,,Chácara Klabin,São Paulo,São Paulo,17560-246,Brazil,BR,8965586-5896,Rua martins freitas,778,,Chácara Klabin,São Paulo,São Paulo,17560-246,Brazil,BR,8965586-5896,Domínio  Registro  (.net),Domínio  Registro (.net),Dominio_Registro_net_offer,,licença,1,1,39.90,39.90,39.9,,39.90,,39.9,4.48875,39.9,,,1.00,1.00,BRL,EUR,1.00,,1.00,,1.00,0.00,1.00,telesourcetesttest,1.00,1.00,1.00,0.00,1.00,One-Time Charge,Yes,Used Period,New,Boleto,Overdue,,,TlA-1-00044067,,,Active,253.182.824-90,00.744.460/0001-24,,27/05/2022,dominioregistronet,27/05/2022,4015381,Santana de Parnaíba,São Paulo,Active,Yes,No,cloudcoGW,GWcloud,cloudins,Telefonica,telefonic cloudco,telefonica cloudco,39.9,39.9,4020073,Massivo,05-2022,05/2022,ISS,2.00,0.798,COFINS,7.60,3.0324,PIS,1.65,0.65835,Defaulter,,SPSAASCLOUDCO,,,,,,39.9,1,1,1,39.9,cloudco,39.9,35.473.014/0001-07,,,,
b50304d6-d6c5-11ec-8b88-fa168ec61f7f,Telefônica Brasil S.A.,Telefônica Cloud e Tecnologia do Brasil S.A,Administrator Vivo Platforma Digital,admin@resellertelefonica.com,012345-6789,4016093,861cfba2-e792-4133-b94d-ddc471ac84de,New,SAAS,18/05/2022,18/05/2022,18/05/2022,SUBSCRIPTION,,,,,,18/05/2022,,TESTES DOMINIOS REGISTROS,TESTESDOMINIOSREGISTROS,13/05/2022,TESTES DOMINIOS,REGISTR0,testedomregistro@getnada.com,121548-4545,Rua martins freitas,698,,Chacara Klábin,São Paulo,São Paulo,17560-246,Brazil,BR,121548-4545,Rua martins freitas,698,,Chacara Klábin,São Paulo,São Paulo,17560-246,Brazil,BR,121548-4545,Dominio  Registro  (.biz),Domínio Registro (.biz),Dominio_Registro_biz_offer,,licença,1,1,39.90,39.90,39.9,,39.90,,39.9,4.48875,39.9,,,1.00,1.00,BRL,EUR,1.00,,1.00,,1.00,0.00,1.00,telesourcetesttest,1.00,1.00,1.00,0.00,1.00,One-Time Charge,Yes,Used Period,New,Boleto,Overdue,,,TlA-1-00043952,,,Active,086.981.152-50,31.968.964/0001-51,,27/05/2022,dominioregistrobiz,27/05/2022,4015381,Santana de Parnaíba,São Paulo,Active,Yes,No,cloudcoGW,GWcloud,cloudins,Telefonica,telefonic cloudco,telefonica cloudco,79.8,79.8,4020021,Massivo,05-2022,05/2022,ISS,2.00,0.798,COFINS,7.60,3.0324,PIS,1.65,0.65835,Defaulter,,SPSAASCLOUDCO,,,,,,39.9,1,1,1,79.8,cloudco,39.9,35.473.014/0001-07,,,,
2a2b7120-d6c7-11ec-98ce-fa168ec61f7f,Telefônica Brasil S.A.,Telefônica Cloud e Tecnologia do Brasil S.A,Administrator Vivo Platforma Digital,admin@resellertelefonica.com,012345-6789,4016094,40099fe5-88f2-45a9-b631-c46dc86a5571,New,SAAS,18/05/2022,18/05/2022,18/05/2022,SUBSCRIPTION,,,,,,18/05/2022,,TESTE DOMINIO BIZ,TESTEDOMINIOBIZ,18/05/2022,TESTE DOMINIO,BIZ,dombizacens@getnada.com,1128658-6932,clareira amel,56,,Chacara Klabin,São Paulo,São Paulo,17560-246,Brazil,BR,1128658-6932,clareira amel,56,,Chacara Klabin,São Paulo,São Paulo,17560-246,Brazil,BR,1128658-6932,Dominio  Registro  (.biz),Domínio Registro (.biz),Dominio_Registro_biz_offer,,licença,1,1,39.90,39.90,39.9,,39.90,,39.9,4.48875,39.9,,,1.00,1.00,BRL,EUR,1.00,,1.00,,1.00,0.00,1.00,telesourcetesttest,1.00,1.00,1.00,0.00,1.00,One-Time Charge,Yes,Used Period,New,Boleto,Overdue,,,TlA-1-00043997,,,Active,878.179.123-27,08.693.804/0001-25,,27/05/2022,dominioregistrobiz,27/05/2022,4015381,Santana de Parnaíba,São Paulo,Active,Yes,No,cloudcoGW,GWcloud,cloudins,Telefonica,telefonic cloudco,telefonica cloudco,39.9,39.9,4020106,Massivo,05-2022,05/2022,ISS,2.00,0.798,COFINS,7.60,3.0324,PIS,1.65,0.65835,Defaulter,,SPSAASCLOUDCO,,,,,,39.9,1,1,1,39.9,cloudco,39.9,35.473.014/0001-07,,,,
a2372da6-dca0-11ec-b50b-fa168ec61f7f,Telefônica Brasil S.A.,Telefônica Cloud e Tecnologia do Brasil S.A,Administrator Vivo Platforma Digital,admin@resellertelefonica.com,012345-6789,4016095,8ffaa2ff-3ea2-42f1-9572-49afc3b87db8,Usage,IAAS,18/05/2022,18/05/2022,18/05/2022,USAGE,,,,,,18/05/2022,25/05/2022,TESTO DOM INFO,TESTODOMINFO,17/05/2022,Teste,DOM INFO,ridany@tafmail.com,1246546-7897,Paulista,1654,,JARDINS,São Paulo,São Paulo,17560-246,Brazil,BR,1246546-7897,Paulista,1654,,JARDINS,São Paulo,São Paulo,17560-246,Brazil,BR,1246546-7897,Amazon Subscription Service,awssubscriptionoffers,awssubscriptionoffersweden,,Usage,2,,,,0.00005,,,,0.00005,0.0000063381,0.0000563381,,,0.00,,BRL,USD,0.00,,,,0.00,0.00,0.00,AWS,0.00,,0.00,0.00,0.00,Month,,,Usage,Boleto,Overdue,,,TlA-1-00043998,,Usage,Active,384.794.265-43,21.478.123/0001-02,isento,27/05/2022,amazonsubscriptionservicesweden,27/05/2022,4015381,Santana de Parnaíba,São Paulo,Active,Yes,No,cloudcoGW,GWcloud,cloudins,Telefonica,telefonic cloudco,telefonica cloudco,79.80,79.80,4020088,Massivo,05-2022,05/2022,ISS,2.00,0.0000011268,COFINS,7.60,0.0000042817,PIS,1.65,0.0000009296,Defaulter,,SPIAASCLOUDCO,,,,,,,,,5,79.8,cloudco,0.0000563381,35.473.014/0001-07,,,,
a2168f42-dca0-11ec-852f-fa168ec61f7f,Telefônica Brasil S.A.,Telefônica Cloud e Tecnologia do Brasil S.A,Administrator Vivo Platforma Digital,admin@resellertelefonica.com,012345-6789,4016095,8ffaa2ff-3ea2-42f1-9572-49afc3b87db8,Usage,IAAS,18/05/2022,18/05/2022,18/05/2022,USAGE,,,,,,18/05/2022,25/05/2022,TESTO DOM INFO,TESTODOMINFO,17/05/2022,Teste,DOM INFO,ridany@tafmail.com,1246546-7897,Paulista,1654,,JARDINS,São Paulo,São Paulo,17560-246,Brazil,BR,1246546-7897,Paulista,1654,,JARDINS,São Paulo,São Paulo,17560-246,Brazil,BR,1246546-7897,Amazon Subscription Service,awssubscriptionoffers,awssubscriptionoffersweden,,Usage,0.0000004974,,,,0,,,,0,0,0,,,0.00,,BRL,USD,0.00,,,,0.00,0.00,0.00,AWS,0.00,,0.00,0.00,0.00,Month,,,Usage,Boleto,Overdue,,,TlA-1-00043998,,Usage,Active,384.794.265-43,21.478.123/0001-02,isento,27/05/2022,amazonsubscriptionservicesweden,27/05/2022,4015381,Santana de Parnaíba,São Paulo,Active,Yes,No,cloudcoGW,GWcloud,cloudins,Telefonica,telefonic cloudco,telefonica cloudco,79.80,79.80,4020088,Massivo,05-2022,05/2022,ISS,2.00,0,COFINS,7.60,0,PIS,1.65,0,Defaulter,,SPIAASCLOUDCO,,,,,,,,,5,79.8,cloudco,0,35.473.014/0001-07,,,,
a1f71ba8-dca0-11ec-86d0-fa168ec61f7f,Telefônica Brasil S.A.,Telefônica Cloud e Tecnologia do Brasil S.A,Administrator Vivo Platforma Digital,admin@resellertelefonica.com,012345-6789,4016095,8ffaa2ff-3ea2-42f1-9572-49afc3b87db8,Usage,IAAS,18/05/2022,18/05/2022,18/05/2022,USAGE,,,,,,18/05/2022,25/05/2022,TESTO DOM INFO,TESTODOMINFO,17/05/2022,Teste,DOM INFO,ridany@tafmail.com,1246546-7897,Paulista,1654,,JARDINS,São Paulo,São Paulo,17560-246,Brazil,BR,1246546-7897,Paulista,1654,,JARDINS,São Paulo,São Paulo,17560-246,Brazil,BR,1246546-7897,Amazon Subscription Service,awssubscriptionoffers,awssubscriptionoffersweden,,Usage,1,,,,0,,,,0,0,0,,,0.00,,BRL,USD,0.00,,,,0.00,0.00,0.00,AWS,0.00,,0.00,0.00,0.00,Month,,,Usage,Boleto,Overdue,,,TlA-1-00043998,,Usage,Active,384.794.265-43,21.478.123/0001-02,isento,27/05/2022,amazonsubscriptionservicesweden,27/05/2022,4015381,Santana de Parnaíba,São Paulo,Active,Yes,No,cloudcoGW,GWcloud,cloudins,Telefonica,telefonic cloudco,telefonica cloudco,79.80,79.80,4020088,Massivo,05-2022,05/2022,ISS,2.00,0,COFINS,7.60,0,PIS,1.65,0,Defaulter,,SPIAASCLOUDCO,,,,,,,,,5,79.8,cloudco,0,35.473.014/0001-07,,,,
a22861fe-dca0-11ec-a85a-fa168ec61f7f,Telefônica Brasil S.A.,Telefônica Cloud e Tecnologia do Brasil S.A,Administrator Vivo Platforma Digital,admin@resellertelefonica.com,012345-6789,4016095,8ffaa2ff-3ea2-42f1-9572-49afc3b87db8,Usage,IAAS,18/05/2022,18/05/2022,18/05/2022,USAGE,,,,,,18/05/2022,25/05/2022,TESTO DOM INFO,TESTODOMINFO,17/05/2022,Teste,DOM INFO,ridany@tafmail.com,1246546-7897,Paulista,1654,,JARDINS,São Paulo,São Paulo,17560-246,Brazil,BR,1246546-7897,Paulista,1654,,JARDINS,São Paulo,São Paulo,17560-246,Brazil,BR,1246546-7897,Amazon Subscription Service,awssubscriptionoffers,awssubscriptionoffersweden,,Usage,1,,,,0,,,,0,0,0,,,0.00,,BRL,USD,0.00,,,,0.00,0.00,0.00,AWS,0.00,,0.00,0.00,0.00,Month,,,Usage,Boleto,Overdue,,,TlA-1-00043998,,Usage,Active,384.794.265-43,21.478.123/0001-02,isento,27/05/2022,amazonsubscriptionservicesweden,27/05/2022,4015381,Santana de Parnaíba,São Paulo,Active,Yes,No,cloudcoGW,GWcloud,cloudins,Telefonica,telefonic cloudco,telefonica cloudco,79.80,79.80,4020088,Massivo,05-2022,05/2022,ISS,2.00,0,COFINS,7.60,0,PIS,1.65,0,Defaulter,,SPIAASCLOUDCO,,,,,,,,,5,79.8,cloudco,0,35.473.014/0001-07,,,,
76523904-dd1a-11ec-9c71-fa168ec61f7f,Telefônica Brasil S.A.,Telefônica Cloud e Tecnologia do Brasil S.A,Administrator Vivo Platforma Digital,admin@resellertelefonica.com,012345-6789,4016148,f3cf288d-52eb-4046-9208-614f984a6e20,New,SAAS,26/05/2022,26/05/2022,26/05/2022,SUBSCRIPTION,,,,,,26/05/2022,26/05/2022,TESTE NOVO CLIENTE CLOUDCO,TESTENOVOCLIENTECLOUDCO,26/05/2022,Regina,Mariane Farias,cadastro01@getnada.com,1398114-7780,Três Corações,375,,Vale Quem Tem,Teresina,Piauí,17560-246,Brazil,BR,1398114-7780,Três Corações,375,,Vale Quem Tem,Teresina,Piauí,17560-246,Brazil,BR,1398114-7780,E-mail  Profissional  Basic,E-mail Profissional Basic,EmailProfissionalBasic_offer,,licença,1,0.033333333333333332870740406406184774823486804962158203125,5.39,0.18,0.1796666667,,0.18,,0.18,0.02025,0.18,,,1.00,0.03,BRL,EUR,0.03,,0.03,,0.03,0.00,0.03,telesourcetesttest,1.00,0.03,0.03,0.00,0.03,Month,Yes,Used Period,New,Boleto,Overdue,,,TlA-1-00044076,,,Active,121.674.630-30,43.530.395/0001-47,,27/05/2022,emailprofissionalbasic,27/05/2022,4015381,Santana de Parnaíba,São Paulo,Active,Yes,No,cloudcoGW,GWcloud,cloudins,Telefonica,telefonic cloudco,telefonica cloudco,0.18,0.18,4020244,Massivo,05-2022,05/2022,ISS,2.00,0.0036,COFINS,7.60,0.01368,PIS,1.65,0.00297,Defaulter,,SPSAASCLOUDCO,,,,,,5.39,1,1,1,0.18,cloudco,0.18,35.473.014/0001-07,,,,